<?xml version="1.0" encoding="UTF-8"?>
<project-private xmlns="http://www.netbeans.org/ns/project-private/1">
    <editor-bookmarks xmlns="http://www.netbeans.org/ns/editor-bookmarks/2" lastBookmarkId="0"/>
    <open-files xmlns="http://www.netbeans.org/ns/projectui-open-files/2">
        <group>
            <file>file:/Users/jfc/Work/Ensino/SI%20%5BMIEI%5D/Tutorials/4%20-%20JSP%20JSTL/2019/GMSBase%202/web/WEB-INF/ListGames.jsp</file>
            <file>file:/Users/jfc/Work/Ensino/SI%20%5BMIEI%5D/Tutorials/4%20-%20JSP%20JSTL/2019/GMSBase%202/web/index.jsp</file>
        </group>
    </open-files>
</project-private>
